current_proficiency,previous_attempts,learning_time_mins,consistency_score,will_master
71,3,379,0.3220109780694607,1
34,1,242,0.7538155436017043,0
91,4,188,0.9926289562144271,1
80,1,471,0.18926028962849434,1
40,1,474,0.4613448842751594,1
94,4,53,0.8200638718292436,1
94,2,433,0.28363207116600897,1
43,2,322,0.5995764543720576,1
22,4,33,0.7597641664267073,0
41,3,249,0.6543869052341611,1
72,1,393,0.26922226115387454,1
21,4,411,0.41984611181716547,1
49,1,49,0.8054126060368575,1
57,3,473,0.598803862718815,1
21,1,181,0.10470665218862146,0
83,4,79,0.7848916840252844,1
79,1,206,0.13178021944621518,1
40,2,464,0.771160404458109,1
52,3,125,0.2822325041487137,1
77,3,134,0.9622661321074422,0
41,3,449,0.4311466761718761,1
68,4,279,0.3942384547042712,1
78,3,146,0.23399924529920021,1
61,2,383,0.37504379394119336,1
79,4,257,0.8889856856453805,1
34,2,95,0.9967009038645226,0
81,1,364,0.43147857745616347,1
81,1,447,0.5037495678590883,1
66,1,449,0.7498638443824633,1
81,1,291,0.8975762024185671,1
70,2,324,0.6337399007681057,1
74,4,455,0.4523731283600464,1
83,4,272,0.47135965676376135,1
22,3,400,0.7260563318471261,1
70,2,215,0.10289643724385082,0
26,1,275,0.6576304037138566,0
40,2,154,0.4199437093972217,1
92,3,297,0.8147775981493758,1
58,3,160,0.18369157584081897,0
37,2,266,0.6293820402535515,0
23,2,47,0.5328756008975114,0
79,2,69,0.6780929733147046,0
33,4,50,0.1583682350346715,0
28,1,428,0.6219854086853182,1
72,2,254,0.6053361291635714,1
21,2,384,0.6045940849745538,1
79,2,311,0.6431388999368093,1
90,3,37,0.708821143503726,1
63,3,129,0.8244900997126928,1
27,4,269,0.3428386481153929,0
66,1,116,0.8425444691620558,1
54,4,327,0.5484301140371083,0
55,1,457,0.16935245122089804,1
69,3,43,0.15269583631958128,1
23,3,363,0.4008144868264547,1
21,3,31,0.8064072794003208,0
25,4,404,0.7369128412668242,1
73,2,322,0.8097534682051658,1
23,2,354,0.5655421507974484,1
73,3,451,0.49617909815994155,1
82,2,70,0.23270727403565555,1
37,2,347,0.39537347824838043,1
63,4,345,0.4906174295564878,0
53,1,410,0.17974038671165551,1
93,3,140,0.29855075744009013,1
81,3,43,0.6384027646573649,0
33,4,260,0.7620968028152708,1
67,4,113,0.9985127602536547,0
34,2,159,0.9398019982092018,0
91,3,260,0.6783086795816724,1
81,1,355,0.47912324796466477,1
59,4,174,0.6725596282374094,1
72,1,408,0.8070864562722088,1
43,1,374,0.2065025718310486,1
45,3,57,0.46891440072665946,0
79,3,95,0.8558220570720555,1
60,4,192,0.4454496567397396,0
48,3,258,0.6146850441044679,0
34,3,290,0.6289924247759784,1
64,3,478,0.2660286278202754,1
84,1,453,0.4260118974870596,1
90,4,489,0.4010601598677389,1
28,2,469,0.12357703767885832,1
20,1,193,0.12177258750221973,0
27,3,330,0.8485273393081961,1
82,1,436,0.3457637289755312,1
30,3,332,0.5662708896149339,0
27,3,316,0.36885301622989575,1
54,1,424,0.9466113206038065,1
54,4,39,0.33336708297919637,0
52,3,224,0.4866911314650416,1
24,4,147,0.8854572254361417,0
60,2,299,0.8577402101126278,0
47,3,109,0.2674912760616496,0
26,4,487,0.8223789788161394,1
92,4,122,0.5123681980641034,1
91,2,295,0.5346719848768197,1
31,4,361,0.2201319751743494,1
53,4,379,0.1725413623814122,0
52,2,390,0.7551453762763887,1
67,3,286,0.5468150371197698,1
42,4,162,0.4931656323536616,0
81,4,305,0.756557405787157,1
56,4,293,0.7889616090919988,1
63,1,200,0.24301735090241822,0
54,2,489,0.6492026345298771,1
84,1,30,0.22181867404991698,1
66,2,342,0.7762375774261411,1
22,3,93,0.6912596406404256,0
20,3,403,0.9609531589751121,1
24,4,497,0.16206221472077909,1
33,2,313,0.1513492490361289,1
46,3,150,0.35396836722388014,0
28,2,136,0.3355351153623154,0
34,3,450,0.32228091916479984,1
61,1,204,0.915629122468933,1
70,3,233,0.3245915798645555,1
82,1,194,0.3447547535157679,1
71,3,334,0.7834584361761673,1
23,4,149,0.504765858205486,0
42,1,73,0.799039501259663,1
34,3,341,0.15882954180794673,0
62,4,185,0.5388140743060459,1
48,1,396,0.13025224016495437,1
55,4,236,0.15638788310981908,1
32,2,419,0.9157937080099698,1
51,2,137,0.22532083400583566,0
90,1,280,0.5791786140476954,1
78,3,474,0.4699860423406359,1
47,1,433,0.41260899363295844,1
85,4,399,0.9098500111185452,1
61,3,363,0.11964105709794055,1
64,2,159,0.6974107175580302,0
81,3,486,0.9670549907921954,1
76,2,322,0.6041513651156577,1
25,3,49,0.9431402158297827,0
47,3,311,0.1470320913574214,1
47,3,314,0.47691398716674527,1
63,4,30,0.334142011865846,0
49,4,148,0.7577388684826568,0
81,1,64,0.983167381447522,1
94,1,227,0.33087705619982305,1
81,2,274,0.688757141326667,1
20,4,88,0.27828786948376616,0
46,2,354,0.6087972291144489,1
81,1,190,0.5175392380195026,1
22,2,208,0.9748047966683834,1
89,1,235,0.6476745454268199,1
91,4,41,0.4145557348781369,1
46,3,305,0.20268620639914003,1
28,4,210,0.23612214586144112,0
81,2,271,0.3027852369561116,1
56,2,245,0.3258699952062682,1
70,4,280,0.865554452057024,1
63,4,328,0.6051005094542724,0
43,1,155,0.5710518202369298,1
78,2,246,0.20329198468229573,1
51,2,335,0.8741257240144915,1
71,4,314,0.7505328728876354,1
81,3,214,0.16090152571000144,1
77,2,68,0.7370515875067918,1
71,3,252,0.5891843956083814,1
31,4,213,0.17355281117210042,1
58,4,456,0.5124705773757908,1
21,1,207,0.5362266584170423,0
22,2,436,0.2491970861469482,1
75,3,457,0.9511283323002541,1
78,1,323,0.8649778343325958,1
21,2,369,0.7021201035961975,0
21,1,180,0.5160660049005465,0
73,4,413,0.4705889874260577,1
20,2,155,0.6858761204358588,1
38,1,330,0.590888682466215,0
21,1,337,0.15604579529369705,1
72,3,365,0.5612523838932986,1
63,1,463,0.8257632555095555,1
51,2,263,0.5133158898372623,1
89,2,409,0.1467609197988416,1
51,3,404,0.8076503794456298,1
87,2,37,0.281227403922377,1
74,4,370,0.33275875139923494,0
94,2,158,0.2482357180890663,1
75,2,293,0.3971935583843478,1
36,1,186,0.7810763551197715,0
57,1,381,0.5674472735535436,1
43,2,387,0.2843931467356413,1
88,3,34,0.8900470703368367,1
89,1,115,0.8916236694563763,1
30,3,204,0.8835205825414062,0
35,2,319,0.31491659024338536,0
92,2,222,0.5061154097628893,1
78,4,340,0.9864906905267876,1
89,1,148,0.7948112286789913,0
22,2,247,0.12445067910300384,0
39,4,456,0.15868413213444285,0
78,1,487,0.5175382391310995,1
55,2,443,0.9182981852754042,1
38,2,143,0.5848316181574428,0
86,1,495,0.5480312572308612,1
38,1,174,0.19492632996096754,0
39,1,55,0.6911020942518646,1
90,2,165,0.839892844540203,1
71,2,332,0.44237800675680616,1
52,4,261,0.7980506658327947,1
59,3,398,0.9680289885107305,1
58,1,105,0.2833898132149202,0
20,2,357,0.5709966680752672,0
30,2,374,0.35842416227611795,1
76,1,331,0.8135689771304554,1
69,3,481,0.6198340292930418,1
42,1,318,0.6711241757952734,1
50,3,30,0.8181227436543047,1
61,2,176,0.4563734253962094,1
26,3,316,0.9235810615663389,1
35,4,493,0.579725980521526,1
79,2,171,0.2421593405518132,0
21,4,82,0.7263092063519222,0
20,1,333,0.8139352153944289,1
67,1,98,0.385085509360774,1
31,1,390,0.8714613312988777,1
88,3,119,0.9155289292891897,1
56,2,475,0.34921403864002803,1
51,1,249,0.9851693254436998,1
28,1,479,0.22664037524388259,1
38,2,221,0.28181410156224096,1
67,1,483,0.2658023553142235,1
22,4,92,0.9045907390070834,1
39,2,102,0.6888632970924656,1
43,2,190,0.2368938549000456,0
73,2,198,0.49629107653151405,1
52,4,118,0.6537682225628219,1
43,2,205,0.17511767649044496,1
94,4,298,0.8941747315666049,1
91,2,102,0.8232431818973817,1
55,3,274,0.5546860962189745,1
57,1,106,0.9704139537332533,1
44,3,188,0.47598488134758976,1
37,1,488,0.985699287132848,1
85,4,353,0.7011279989232644,1
73,3,127,0.6712041459285473,1
54,2,410,0.24935940576620652,1
80,1,131,0.8937349824741796,0
60,1,161,0.48474071912855365,0
52,3,131,0.24601006520423144,0
87,4,48,0.11134676797818314,0
52,3,483,0.6037801152745443,1
33,4,111,0.5746596599104087,0
40,4,426,0.7474182601322427,1
67,1,308,0.901232247716022,1
39,3,368,0.17146592617872658,0
27,3,394,0.7583468413063261,1
26,4,360,0.268670749687824,1
86,3,158,0.8723593478414475,1
36,2,373,0.8371571624754904,1
52,2,339,0.58671437948699,0
67,3,484,0.7392185187609803,1
78,3,118,0.3829151018653736,1
41,4,242,0.5240511090395332,1
49,2,172,0.8394732079394245,1
57,2,94,0.5133386774558926,0
70,1,105,0.4220184387928976,0
73,4,228,0.5447912025252699,1
27,1,172,0.8454243271934965,0
46,2,434,0.4016872426337855,1
46,4,432,0.25638543382216944,1
40,3,345,0.7408126182977027,1
49,4,122,0.8433803914372736,1
47,3,446,0.19057373067118,1
83,3,334,0.31588670148035025,1
88,4,253,0.22777479078489452,0
80,3,320,0.41314727042394994,1
67,1,457,0.5053158810148713,1
38,2,131,0.7739437032669758,1
23,3,296,0.6860328263935067,1
54,1,384,0.658835710730588,1
83,3,485,0.417137451948689,1
68,2,139,0.8573027977762839,1
36,1,491,0.5241584506583481,1
63,2,359,0.9811944442136391,1
49,2,479,0.6707279244661631,1
65,1,459,0.21363826740805247,1
25,1,294,0.7085598058678906,0
56,1,32,0.3925936138885291,0
43,4,114,0.7176944770174877,0
65,1,311,0.16267703334616518,1
72,1,357,0.2573932934583635,1
79,1,333,0.8701635330152077,1
82,1,479,0.3044616013211634,1
51,3,483,0.853337012718646,1
52,4,441,0.3513484796089694,1
86,2,146,0.6785937190528368,1
37,1,250,0.7247355161588479,0
44,3,183,0.5613892778305477,0
73,3,182,0.3747796090270582,1
77,3,41,0.2913799387339865,1
86,2,162,0.1298704191061836,1
65,1,333,0.37355176111665145,1
43,4,322,0.6878465114781547,1
51,4,492,0.9444743366036344,1
66,3,329,0.8840840340367468,1
42,2,257,0.7894582988817723,1
85,2,300,0.8096026089279688,1
46,2,72,0.6984864131283958,0
21,4,461,0.3342581718094027,1
36,3,372,0.9164755276352469,0
52,1,355,0.7036590807152506,0
28,4,331,0.6043965678823959,1
62,3,393,0.19989052229213297,1
67,3,408,0.5023499894257829,1
58,1,456,0.5143224440817337,1
61,1,50,0.878107248570403,0
45,1,436,0.5919833981690097,1
69,2,136,0.44236049407336875,1
44,1,365,0.9791202956595934,1
43,3,332,0.1996485339936841,1
32,1,146,0.4802935854807502,1
79,3,153,0.13782220765426478,0
26,4,428,0.7659137086902373,1
76,2,310,0.9262688969792355,1
55,4,321,0.35203359659544053,0
64,4,232,0.8725075091192088,1
39,3,80,0.36299640741570804,0
84,4,300,0.9196931454795237,1
27,3,353,0.7785657132371055,1
35,1,306,0.8244160991572947,1
33,1,170,0.11620590004040905,1
34,3,499,0.9665293213666234,1
85,1,304,0.754003892863291,1
51,2,319,0.37427598584752,1
82,4,363,0.8464551983729622,1
70,2,410,0.353369078573437,1
44,4,481,0.8854784556095151,1
77,1,402,0.20132235137074334,1
82,2,81,0.7333173797147162,1
81,1,56,0.5866286289804193,1
41,4,186,0.18688102317589672,1
77,3,268,0.31770444543295506,1
77,3,185,0.11116363264958332,1
68,2,320,0.5218911689180553,1
71,1,165,0.3711387346840004,1
61,1,173,0.6385217358679829,1
89,2,135,0.3675140269377555,1
34,3,449,0.36992720035628623,1
73,4,187,0.768873878858443,1
79,2,175,0.14332855238051811,1
27,4,31,0.9126054956727885,0
72,3,462,0.8670374869520633,1
79,1,106,0.7010242149037659,1
24,3,161,0.6338994130966459,1
87,2,119,0.903072248325687,1
25,1,374,0.266797161575843,0
66,2,379,0.17107224597174575,1
74,2,488,0.3155591529185843,1
59,3,292,0.8151204508301713,1
71,2,380,0.131203240053835,1
35,3,137,0.6245261515751407,0
32,1,103,0.9958937645721789,0
49,3,68,0.8701264844537855,0
38,1,426,0.5693011201392305,1
36,3,188,0.15727681835797813,0
82,4,100,0.8482361629471389,1
38,4,476,0.6390806573594895,1
77,2,341,0.20343969735361017,1
74,3,270,0.18447155634102058,1
81,3,455,0.9186641374929332,1
42,1,474,0.7022802366442706,1
28,2,327,0.84635811938508,1
31,3,469,0.8910810102540406,1
20,2,65,0.61459511684349,0
77,4,113,0.5657017165795372,1
20,3,481,0.48738466928889124,1
53,3,403,0.38525192901200733,1
67,2,292,0.4911363647728406,1
20,3,339,0.7964916901571407,1
35,2,414,0.6417310879136184,1
80,3,201,0.9032709609593614,1
83,1,405,0.49904201294126893,1
82,2,202,0.6463806208468786,1
88,3,391,0.6681767977827898,1
41,4,76,0.632527446075693,0
86,3,408,0.7323703957769647,1
45,4,170,0.3136901215373257,0
35,4,404,0.5611273997912116,1
70,1,435,0.1938023225275129,1
76,2,147,0.44606019488033133,1
48,3,306,0.538900361759138,1
88,1,243,0.6870018335909253,1
66,3,249,0.9554779473275832,1
81,4,422,0.6405859598935203,1
88,2,55,0.7692345245589038,0
35,3,38,0.5556394535456824,0
67,3,300,0.6706936282386982,1
58,4,39,0.16383899452039608,0
52,3,407,0.3289524227576623,1
42,3,150,0.4256677838846249,1
29,4,154,0.5252440195058622,0
88,1,199,0.14108387095214536,0
53,4,101,0.22602168779798593,0
71,1,181,0.3491328770121752,1
29,2,237,0.9743794218109456,1
38,1,78,0.39821230639274574,0
77,1,183,0.5338369523008742,0
20,2,376,0.2764879414645537,1
88,1,322,0.6497020639681914,1
23,4,97,0.35261489396437684,0
35,1,79,0.2862933205945841,0
43,2,181,0.5649153656013812,0
21,4,48,0.10495521924437874,0
51,2,129,0.1068976293843028,1
43,2,89,0.297161928191672,0
31,3,196,0.13304922625073903,1
69,3,231,0.19722317871762224,1
54,2,374,0.40497458440487644,1
52,2,175,0.8223271116218316,1
52,2,432,0.6148437790323708,0
80,3,193,0.5614009533607748,1
70,3,487,0.3641399408873095,1
62,1,468,0.9385783474895347,1
31,1,271,0.45731353711347256,1
86,2,98,0.17838349011619437,1
84,4,204,0.6553598645060211,1
52,4,78,0.20245455412894126,0
59,3,137,0.4107008285215229,1
93,3,255,0.556670744846028,1
62,3,190,0.8868002722166582,1
63,2,148,0.5441919223061068,0
48,4,178,0.7320328894284979,1
32,1,494,0.9935351550991633,1
31,2,179,0.21834020790818348,0
65,1,461,0.34725837296756756,1
21,1,322,0.4551184680378818,1
54,2,172,0.47964536068494823,0
27,1,448,0.4699189677389912,1
45,4,484,0.9168499023008995,1
93,1,189,0.7426293800201708,1
53,4,40,0.6471146926816334,0
26,4,167,0.3784354460765039,0
87,4,486,0.8414113457991652,1
77,3,107,0.9595544603364901,1
94,1,106,0.8390784542952039,1
48,2,470,0.10140859467232562,1
55,2,283,0.6727612331650663,1
40,1,438,0.14602184329789067,1
55,3,287,0.3318464983003497,1
29,3,349,0.15357223031299452,0
92,4,320,0.643415907654449,1
43,1,292,0.7179309221433461,1
83,1,114,0.2030388742593146,0
68,2,175,0.44545499474048156,0
55,1,352,0.5106128580599878,0
43,3,71,0.4321477195848249,0
42,1,403,0.20892250043667376,1
81,2,154,0.4770530111687279,1
56,4,196,0.7760602430275763,0
31,2,454,0.16390689807992992,1
74,2,270,0.17216201267371312,1
32,4,488,0.41929416265238584,1
42,2,309,0.9475531404570325,1
49,2,217,0.7017153820506227,1
36,1,331,0.7108029610053083,1
81,1,48,0.4257279917540785,1
32,4,97,0.6342947120876846,0
78,1,247,0.10911806562496905,1
38,1,131,0.672486441768588,1
68,2,71,0.9219582528186131,1
31,3,317,0.6513161215103372,0
80,1,196,0.8863287341197106,1
38,3,138,0.7515757499194844,1
28,1,65,0.20850257476332124,0
90,1,261,0.9122079765572575,1
47,4,258,0.1597994599201974,1
71,4,382,0.5805707252929874,1
35,4,193,0.2279234114141119,0
88,3,416,0.11053594965781366,1
31,2,102,0.47983083411487515,0
44,1,165,0.3655366368887406,0
71,1,382,0.5374004444178427,1
72,1,408,0.6194798980610957,1
42,3,99,0.13936516507805263,0
35,4,454,0.21070296561137108,1
76,2,225,0.6027781568053828,1
58,3,298,0.40885061785539245,1
72,4,78,0.7562561387945032,1
61,3,345,0.6870624837327457,1
77,2,159,0.8610439266909161,1
58,4,473,0.7232435440023027,1
33,3,34,0.48693796965113334,0
24,2,457,0.7056699601549892,1
54,1,56,0.3478430568298767,0
94,2,189,0.3756821489003914,1
37,1,178,0.810086643928714,1
28,3,293,0.501777564761424,1
93,4,259,0.8185423064665173,1
77,4,229,0.8401801363014506,1
36,3,79,0.8718061038951553,0
26,4,96,0.9249717122570866,1
65,4,329,0.48788669846196664,1
32,1,410,0.38698013648902496,1
59,3,87,0.6239788719347025,0
61,2,288,0.4340551810938649,1
28,1,371,0.6409667501202096,1
69,3,355,0.7350272763794421,1
46,1,159,0.7195645166429232,0
85,2,244,0.43709759831810924,1
24,2,201,0.25017418152887755,0
48,3,287,0.48747640461598685,0
56,2,131,0.22833472967371787,1
57,1,238,0.9010873316654275,0
27,2,320,0.4112897146640717,0
84,1,383,0.23901377250099143,1
36,1,315,0.12290298391517579,0
90,2,145,0.6812401476578358,1
64,3,293,0.6732120857092689,1
23,4,179,0.40654374992316256,1
55,2,329,0.1645406999628859,1
89,1,471,0.4686660054057088,0
50,1,65,0.3800957455570543,0
38,2,482,0.7094085757615084,1
80,3,362,0.6452013245074213,1
73,3,316,0.428134355377786,1
58,1,332,0.2961032988294911,0
93,1,340,0.9892323695400327,1
38,3,237,0.5086014590765034,1
58,4,135,0.7194468122022133,1
86,2,475,0.22649767082052472,1
64,1,187,0.537030729693458,1
32,1,150,0.12478304788251894,0
77,3,84,0.554909606119405,0
39,2,429,0.9676156664059321,1
91,3,41,0.44578604168722025,1
80,2,174,0.13509641131742045,1
58,2,429,0.12786021182740917,1
20,2,425,0.44918808395218257,1
22,1,165,0.24402244281687466,0
81,4,497,0.12101688669536732,1
82,3,32,0.7805922525551592,0
44,4,173,0.5126707079937016,1
75,3,59,0.36032029477538907,0
52,2,266,0.9100748647148327,1
57,1,308,0.20452506418047306,1
25,4,377,0.9603269460597873,1
77,1,144,0.3825700456396176,0
63,3,133,0.8995633050778131,1
64,1,147,0.6426485888315154,1
51,1,34,0.8440366237673387,0
64,4,497,0.9856118468894178,1
80,2,389,0.3595648940368712,1
66,1,277,0.9650219368668337,1
40,2,393,0.4505337054121783,1
94,3,350,0.44696071426323014,1
55,1,150,0.4063483938290552,0
38,4,315,0.5872668466128267,0
39,3,178,0.23873053886063839,0
76,3,113,0.5983403368222101,1
37,4,483,0.5875343311690037,1
66,1,435,0.785711631344383,1
68,1,495,0.850284965743827,0
33,3,485,0.49639721528118164,0
34,1,260,0.37209992441634443,0
50,2,317,0.33340140758538506,0
20,4,190,0.2751614530343848,0
73,2,301,0.1518828239791224,1
22,1,489,0.408203180951242,1
35,3,67,0.34322292291770495,0
76,4,255,0.9697756472797666,1
94,1,171,0.6019379436250395,1
31,1,321,0.41254933512745684,1
93,3,180,0.6224208408943264,0
35,3,143,0.22527703121112597,1
91,2,266,0.4996393742819827,1
43,4,95,0.6636108892789574,0
47,4,390,0.5400080486132063,1
27,3,370,0.4616009205888918,1
55,2,287,0.9944635500097283,1
27,4,278,0.8922832859340343,1
77,3,486,0.6610653623434961,1
79,1,478,0.6124396250640545,1
69,4,360,0.6585944318421256,1
47,2,352,0.28118089704018995,1
60,2,209,0.4556239689378868,1
83,2,219,0.1355135796018094,1
46,1,436,0.5279914337381441,1
82,4,183,0.5887221255618968,1
36,4,225,0.30497476249288863,1
92,1,495,0.9676259624489624,1
52,4,340,0.9185091498435178,1
48,1,291,0.7499289119103153,1
32,1,448,0.5800479658888263,1
65,1,435,0.8829722436829165,1
54,2,456,0.21758710944111664,0
25,4,172,0.8114588148473965,0
88,1,371,0.21233873257016347,1
66,4,345,0.8147895962944649,1
44,2,130,0.34819081142622127,1
85,1,273,0.8893815229163701,1
29,3,41,0.949637884442858,0
75,2,268,0.2339163724646041,0
49,3,78,0.5164080445588541,0
24,4,71,0.9828886403464165,0
52,4,195,0.5350666923758319,1
84,2,111,0.8771927702630906,1
37,4,458,0.6298583699181879,1
68,3,320,0.4377969171276417,1
30,1,187,0.35720519997328315,1
45,1,245,0.2829007819774786,0
82,1,187,0.7856183722399275,1
78,2,491,0.4478864561407251,1
46,4,163,0.560147915980676,0
68,3,96,0.5430929320010638,1
52,4,365,0.6195511263098181,1
20,4,36,0.879019431062097,0
40,4,465,0.9826654092250865,1
74,1,43,0.46682578771643524,0
25,3,102,0.8447670298956728,0
88,3,428,0.7880750151892458,1
24,4,434,0.6161760563100159,0
22,1,192,0.9604424292507397,1
72,1,95,0.2804270639755625,0
42,3,376,0.19833778927865928,1
72,1,159,0.8685657702598799,0
56,1,448,0.49523483497037346,1
93,1,495,0.8622719687863544,1
93,2,235,0.9037811846758734,1
36,4,305,0.1562118342571643,1
92,3,495,0.8951182866874546,1
20,3,285,0.50348714983248,0
70,2,295,0.559389240103809,1
64,4,54,0.6639332599838892,0
23,3,479,0.9337443460570781,1
81,1,310,0.11720448498678764,1
84,3,282,0.5291591214860354,1
51,1,339,0.7189498381875046,1
53,2,318,0.7504362619284056,1
91,1,193,0.7232791883833972,1
58,3,124,0.2209916164673097,0
45,3,299,0.3694560295345132,1
53,3,350,0.42284397287531217,1
73,2,139,0.8239934869115545,1
22,2,365,0.35088388517309776,1
69,4,339,0.2896344674804828,0
31,3,267,0.9617032171342865,0
84,1,410,0.10797695660212202,1
73,2,465,0.9980387701137804,1
24,3,416,0.7091391689716561,1
76,3,454,0.8456223695042053,1
36,2,419,0.36515745671157385,1
66,4,54,0.11288374990035399,0
42,2,170,0.764082566705377,1
33,2,146,0.8507301373006082,1
85,1,421,0.7664285187581672,1
94,1,434,0.22856525857075474,1
70,4,481,0.7780851300312722,1
57,3,54,0.7920305038968769,1
83,2,108,0.6926864641030493,1
57,4,97,0.7895043395160276,0
69,1,202,0.861329295709959,1
49,2,473,0.6522437028137126,1
70,3,41,0.17974424257271115,0
82,1,317,0.5388650287004898,1
71,1,157,0.16988440120444456,1
57,1,125,0.4667887279291878,1
49,4,121,0.4663958402130649,1
70,3,170,0.15940885972621743,1
24,2,60,0.41393848057253135,0
48,4,363,0.19989828891218336,1
23,4,49,0.8274116890083,0
29,4,175,0.9529192233680237,1
75,1,345,0.16508482773214475,1
36,3,476,0.9596036865625313,1
93,4,419,0.5703189394030707,1
36,2,189,0.3696091101584865,0
88,3,378,0.16917586774854715,1
53,2,72,0.550561841263376,0
25,3,283,0.8150639900416738,1
72,2,159,0.7363778295400283,1
85,1,89,0.1452034103175764,1
62,4,180,0.16561165183111315,1
94,2,496,0.46258595436937344,1
42,3,316,0.36576144464314897,1
74,4,34,0.3091458907504431,0
94,4,496,0.3529040490178422,1
35,3,447,0.8231344689671961,1
27,2,295,0.9363052482686685,0
23,1,374,0.4645924250748098,1
23,1,159,0.9154999019192473,0
75,2,411,0.3893461311230938,1
44,4,296,0.5287932877094125,0
86,4,207,0.3034260980343998,0
86,4,282,0.6764284379582596,1
46,4,444,0.981083003657328,1
51,2,85,0.6431437864390408,0
69,4,492,0.42203267570219405,1
80,3,486,0.6830357013914755,1
70,4,112,0.2106286106188488,1
38,1,422,0.8997931722388588,1
40,4,128,0.5527755557018528,0
24,2,178,0.5044147678356778,0
61,1,358,0.6272783096081672,1
80,2,185,0.6623054765104622,1
41,2,219,0.16459822560386173,0
40,1,400,0.7143554991010621,1
89,2,292,0.31773851228397665,1
20,2,109,0.7425573692559309,0
24,4,429,0.8402813149457771,0
31,3,281,0.8235626567972683,1
65,2,126,0.5972508706671003,1
53,2,289,0.568152903079676,1
68,2,289,0.22858836520547055,1
64,4,132,0.797811535362822,1
46,3,69,0.3442684424020429,0
92,1,302,0.5470258805361519,1
45,4,130,0.355846683634765,0
66,4,388,0.22044552669972384,1
75,3,409,0.666601927202563,1
82,3,337,0.14889883134061346,1
67,4,250,0.77378071071358,1
80,1,337,0.385828115735005,1
45,4,449,0.1001212237040368,1
55,3,153,0.5600162253135068,1
20,1,451,0.14216671767484282,0
27,3,260,0.34855260203880956,1
71,1,207,0.7362788387101445,0
66,2,92,0.15642065945967928,0
75,3,145,0.8554046431204021,1
33,3,220,0.10343793039272481,1
47,4,91,0.322141482281712,0
21,3,285,0.7668136505368643,0
45,3,36,0.3846431347563761,0
33,2,184,0.19170314925941218,1
78,3,121,0.4242105269203851,1
75,2,499,0.343353957746073,1
26,2,43,0.8584407119444994,0
22,2,484,0.38201312582662883,1
42,2,258,0.8100392245984065,1
37,1,115,0.9026849303296612,1
57,4,162,0.49043567761887663,1
34,1,212,0.9189488294689528,0
83,3,415,0.43958624856687356,1
47,1,91,0.9676705748410973,1
93,1,248,0.18036057207301565,1
58,3,434,0.7183173398529185,1
76,3,275,0.5444326364112358,1
36,3,259,0.44888392491008233,0
63,1,108,0.6694406908737408,0
44,1,178,0.733471382470898,1
36,3,167,0.10392694268527819,0
32,4,343,0.2502577798724789,1
44,4,405,0.7417414455708868,1
87,2,452,0.6997468722203858,1
29,3,418,0.9694427546158095,1
86,2,94,0.7849340112257047,1
37,4,42,0.9556954369582042,1
53,2,242,0.7322864513813263,1
27,3,271,0.3682469877754988,1
59,3,242,0.19482843002577083,0
61,3,210,0.803641477010442,1
60,1,367,0.6797342993283243,1
25,2,202,0.14336741115396662,0
71,4,189,0.42404541931088047,1
45,4,193,0.9611198339358575,1
83,4,494,0.5503610311391811,1
78,1,217,0.48945622241773423,1
75,1,424,0.5119296446433645,0
78,3,220,0.2879944516046474,1
89,4,434,0.4318364537783157,1
52,1,337,0.432831930388459,1
72,3,285,0.14711951816872518,1
41,4,212,0.7908108656661265,1
40,2,146,0.47485398871349105,1
89,3,311,0.839961898134781,1
89,1,225,0.8653132010079059,1
23,1,63,0.2907946492287923,0
94,3,81,0.6916181339531157,0
81,3,141,0.5250536237466835,1
81,1,281,0.8921410641293366,1
43,2,111,0.2941666112588087,1
74,4,261,0.7100318802790397,1
28,2,256,0.6469769100274503,1
22,3,262,0.36577132981464955,0
50,2,250,0.22294081328605536,0
59,1,465,0.6864757844295489,1
55,3,442,0.7647377123190976,1
43,4,451,0.38406460938701503,1
25,1,71,0.6803493436200824,0
85,1,50,0.45561781685035296,1
94,4,71,0.7418861949543559,1
23,4,426,0.2792937474046478,1
25,2,142,0.9011935023725569,0
70,3,134,0.3586686368190217,1
81,4,221,0.4310073889805376,1
76,4,46,0.15228275687231482,1
85,3,149,0.20036099108914876,0
94,4,422,0.5642757124410953,1
27,4,454,0.34083340905517434,1
45,2,158,0.8519322031679749,1
70,1,159,0.11322404978945846,0
64,1,89,0.44118464380474254,1
63,1,77,0.40361099209218343,0
24,1,58,0.11739486782584094,0
89,4,126,0.2119315591004592,0
45,3,39,0.47227840742677174,0
87,3,271,0.543578126002702,1
38,2,343,0.4638607725293822,1
39,2,473,0.5778439105708845,1
31,4,261,0.6356185074151134,1
66,3,306,0.10893143901505208,1
20,3,313,0.5176856435081535,1
33,1,232,0.9671493167988294,1
83,4,276,0.5671290521165938,1
57,4,319,0.7097880407130579,0
56,1,293,0.38067747212519487,1
30,4,472,0.7965922403374863,1
22,4,243,0.7956293336885035,1
52,2,229,0.5691664428887251,1
25,3,462,0.9784124409512922,1
69,4,108,0.21299519328638805,1
29,2,430,0.1152528984006229,0
24,3,473,0.7931423905813864,0
42,1,372,0.8264399836283943,1
29,2,373,0.20818650620851864,0
63,2,202,0.3390245496627455,1
21,3,496,0.11579712702996603,1
32,1,98,0.3639777497025083,0
59,2,445,0.7958276865268044,1
21,4,457,0.566164474941321,1
84,4,478,0.41328603385145934,1
82,4,116,0.43456536541569724,1
92,1,130,0.10121826314392135,0
36,2,37,0.3698204748087123,0
28,4,362,0.6818128674741374,1
94,1,229,0.9767749994347213,1
34,4,116,0.8623547442855095,0
43,3,72,0.12123546818097622,0
57,2,414,0.9087045442073554,1
54,2,138,0.8048785719687633,0
68,1,464,0.8023385112138823,1
88,1,437,0.5121961831032144,1
81,2,181,0.4582047636590526,1
79,4,46,0.3726241559498734,0
69,4,162,0.1591253730589292,1
94,3,177,0.30541182714432924,1
28,4,306,0.32194327148022217,1
53,1,261,0.5356693627391814,1
54,1,343,0.7726999659370246,1
20,4,444,0.526428845558152,0
59,1,395,0.15206000450244456,1
83,2,257,0.9620108208893835,1
41,2,168,0.948451887184701,1
79,4,465,0.8066705888335676,1
83,2,428,0.9921951114077985,1
91,2,240,0.5900340995202367,1
30,3,420,0.9664915152278855,1
33,3,57,0.1680445365550757,0
79,2,80,0.4291126734352342,0
49,4,471,0.30284314120608924,1
54,3,290,0.276249775720843,1
56,1,290,0.2267226540034085,1
24,1,379,0.660172277409397,1
45,1,381,0.8031896701725746,1
81,4,37,0.6204685594783246,0
23,2,349,0.23226643862938873,1
61,1,167,0.8300113929401238,1
37,4,67,0.6723592364473556,0
59,3,140,0.449349135514296,0
91,2,397,0.7067172659824567,1
58,3,249,0.33391448131854956,1
33,4,366,0.41067298764478943,1
51,1,252,0.9257372588187912,1
70,1,165,0.3614540551042784,1
57,4,285,0.522989441342143,1
42,1,389,0.9011270236564132,1
82,2,438,0.7369492152407747,1
34,4,358,0.1559829035482325,0
44,3,479,0.23257273985107332,1
36,4,492,0.10705743169472515,1
85,2,463,0.6678296112062471,1
72,2,480,0.5029060828693765,1
70,4,78,0.220847365812048,0
58,4,321,0.9621407089510934,1
70,1,411,0.576693751551058,1
89,2,353,0.3177039647016003,1
25,4,107,0.5505432140392368,1
86,4,134,0.711658299461597,1
26,2,198,0.16861529617620802,0
70,4,246,0.34723343354310277,0
91,1,407,0.8262689417955943,1
61,2,148,0.5136983833623952,0
83,1,219,0.5919194278290655,1
34,1,284,0.4895344019885224,0
48,1,399,0.13950994837870462,1
52,1,295,0.24917480183814034,1
46,2,178,0.5009874748677018,0
55,1,193,0.28826691886713507,0
48,1,169,0.14498112579371086,0
57,4,376,0.8592846976466414,1
76,2,287,0.9830732762477042,1
46,2,403,0.8138285865970655,1
74,3,298,0.8684064295342003,1
52,2,210,0.31777941728534087,1
87,2,189,0.9645642779618798,1
85,3,380,0.2772331340080856,1
29,2,429,0.956286829325649,1
24,2,317,0.995337364569356,0
93,2,317,0.7405505251714438,1
57,2,409,0.9830293586126397,1
32,3,255,0.6125858016103933,0
50,2,40,0.3335876048584813,0
66,2,39,0.49329629709905876,1
71,3,300,0.6342048418409073,1
75,4,302,0.1657734058243135,1
34,1,453,0.6601089381555215,1
48,4,431,0.983060053086065,1
27,3,212,0.2710968848053549,0
24,1,486,0.813335604659545,1
48,3,182,0.9171089144016574,0
66,3,344,0.9493314335381987,1
87,2,363,0.9641220439649025,1
64,1,153,0.5693136748493247,1
21,2,143,0.9795771171923533,0
46,1,307,0.781579186420995,1
55,3,443,0.24550429261326573,1
55,3,497,0.529210095821173,1
45,4,242,0.7464980578348036,1
62,1,201,0.322606284237175,0
46,2,317,0.6765536651939986,1
88,4,464,0.6999404311419573,1
39,4,203,0.2464297694277093,0
30,4,142,0.6085767812074806,1
93,2,405,0.7944642198807469,1
57,4,434,0.5490060980823478,1
25,2,151,0.1108928050984967,0
91,4,61,0.10813462217136297,0
42,2,251,0.42132640957301093,1
66,3,148,0.9335746615886038,1
65,3,68,0.3058091016432479,1
31,3,297,0.6709273199845184,0
32,3,262,0.29986828362398854,1
81,3,460,0.38950299069359373,1
79,4,47,0.8632378806413356,1
62,4,178,0.7559752980429522,1
87,4,426,0.18585934958188957,1
24,2,178,0.48583181888779026,0
56,2,155,0.12625278728073802,1
91,2,421,0.5328011319427081,1
50,2,331,0.6961906105309613,1
28,3,389,0.2066523612383364,0
70,3,267,0.3599964450182491,1
48,3,164,0.4580529629519412,1
59,1,180,0.9275779221904448,1
60,4,265,0.9939295138806676,1
30,2,253,0.1404201690960543,1
42,2,232,0.7849071311458529,0
20,3,285,0.43455165976210897,0
65,2,115,0.45321236760653205,1
40,2,179,0.7788384760123204,1
55,4,264,0.9265837889308678,1
73,3,374,0.9558357350522936,1
76,4,51,0.6194103274344887,1
20,1,377,0.4214090433704526,0
82,1,314,0.8087941772729014,1
73,1,298,0.32590124493607026,1
74,3,495,0.607666625950166,1
59,2,287,0.4227206153723858,1
34,3,58,0.6909679663370885,0
40,3,242,0.3163590216041562,1
66,2,492,0.2724336511613432,1
92,4,465,0.9264151780078934,1
72,1,312,0.1916233146545832,1
28,4,79,0.5553621169614386,1
93,1,124,0.29876750466670804,1
71,3,492,0.13503696699310072,1
76,1,436,0.13241693646228375,1
45,3,117,0.25769959489524463,0
60,4,73,0.8800933190554002,0
54,3,490,0.35423086957932404,1
82,4,307,0.9554132535177662,1
44,2,200,0.6234600636902742,1
94,2,450,0.4929527707918895,1
57,2,218,0.6220799512025091,1
21,3,382,0.565028546703641,1
26,2,213,0.7828986283815926,0
53,1,32,0.3542464593755671,0
36,4,220,0.4177453524402721,1
62,4,147,0.9046848722799257,1
78,1,48,0.9518108618353649,1
70,3,52,0.9033024047378271,1
73,3,442,0.4775031945615822,1
43,4,59,0.8023289527061935,1
44,2,324,0.5287021599709889,1
90,3,137,0.547785866931492,1
71,3,396,0.28421209815155557,1
89,1,310,0.6320172729326649,1
52,1,157,0.26752230797801313,1
68,2,258,0.39840822916047436,1
48,3,140,0.8695271814579416,0
82,3,165,0.2863682282897697,0
41,1,391,0.16404245665608952,1
45,3,215,0.1621068333515347,0
47,4,173,0.9467060684527971,0
68,1,101,0.5562283941656512,0
