score_1,score_2,score_3,days_since_last,next_score
71,78,82,29,89.0
45,42,43,16,42.0
64,65,70,9,70.0
59,56,60,15,56.0
39,42,46,26,47.0
67,67,73,10,69.0
47,44,42,29,33.0
79,82,89,22,89.0
34,29,32,16,30.0
58,62,65,4,70.0
68,65,68,20,62.0
63,58,68,13,67.0
72,68,77,22,76.0
74,80,83,5,84.0
52,54,63,22,68.0
34,35,42,7,46.0
59,55,59,23,55.0
35,31,42,9,45.0
75,78,85,8,87.0
73,80,83,29,80.0
33,40,38,16,36.0
58,58,58,6,58.0
52,51,50,28,44.0
35,39,42,16,41.0
61,61,66,6,70.0
71,74,74,14,72.0
47,52,59,21,59.0
44,45,50,1,54.0
69,78,83,25,82.0
61,65,67,9,63.0
38,42,47,25,46.0
66,74,77,27,75.0
39,42,44,24,41.0
49,47,53,13,49.0
35,31,42,26,44.0
77,83,87,29,84.0
32,34,39,19,37.0
71,69,67,17,63.0
40,47,55,11,56.0
72,75,74,28,65.0
46,55,60,28,63.0
61,70,79,8,85.0
33,31,37,23,32.0
33,42,43,29,44.0
46,48,57,5,59.0
70,73,80,10,82.0
48,55,63,7,66.0
34,37,44,10,48.0
61,65,76,4,87.0
51,49,55,9,50.0
35,30,31,27,24.0
64,73,80,26,85.0
51,48,55,14,53.0
30,33,40,2,41.0
49,47,53,25,51.0
51,50,58,9,63.0
77,78,82,21,83.0
40,39,38,27,33.0
42,40,46,1,48.0
71,80,81,23,79.0
32,28,33,10,34.0
38,47,58,10,68.0
41,37,41,20,34.0
52,59,69,25,74.0
43,50,54,22,57.0
62,60,65,29,63.0
47,51,49,3,49.0
78,85,87,6,88.0
70,74,73,29,67.0
38,45,44,26,39.0
52,61,59,6,61.0
39,42,44,21,42.0
48,50,49,2,56.0
76,73,74,26,70.0
34,43,43,26,45.0
76,84,84,18,86.0
52,55,54,23,49.0
59,67,77,2,85.0
54,53,56,12,54.0
57,62,61,22,59.0
63,60,71,5,75.0
74,73,84,20,85.0
77,84,89,7,93.0
76,80,85,24,83.0
54,61,71,16,72.0
39,37,48,20,52.0
43,45,54,1,66.0
71,78,80,1,88.0
75,81,88,17,87.0
59,58,62,27,60.0
70,74,75,1,80.0
54,60,58,21,55.0
43,45,53,20,55.0
64,67,66,13,63.0
77,75,82,9,87.0
63,64,71,15,73.0
39,35,36,3,31.0
64,64,62,14,60.0
40,42,52,23,57.0
40,46,51,11,55.0
50,51,57,24,57.0
50,51,52,22,48.0
51,53,60,12,59.0
74,75,75,13,72.0
36,35,34,26,29.0
46,47,49,13,48.0
31,38,49,1,60.0
41,49,49,24,47.0
71,75,82,10,85.0
47,44,48,3,50.0
40,39,47,24,46.0
45,46,49,28,44.0
78,87,85,4,91.0
47,50,59,16,60.0
64,73,78,8,81.0
55,51,50,16,36.0
45,43,45,27,38.0
35,41,47,17,54.0
73,74,79,19,72.0
72,67,66,22,56.0
76,83,89,15,94.0
76,72,74,16,63.0
77,80,87,15,87.0
71,78,89,25,96.0
41,45,48,2,57.0
42,43,53,11,57.0
33,39,39,1,39.0
68,72,82,15,83.0
31,32,32,26,28.0
55,55,62,19,63.0
56,53,58,4,64.0
56,60,68,11,75.0
44,41,48,5,49.0
37,33,40,3,40.0
36,41,50,13,63.0
76,76,75,10,74.0
75,73,81,11,80.0
69,68,77,18,77.0
41,38,47,2,47.0
42,42,41,7,32.0
72,77,87,9,94.0
46,52,54,10,61.0
46,43,46,18,38.0
65,73,82,23,86.0
50,59,58,7,58.0
37,45,47,27,48.0
34,36,40,7,41.0
55,58,65,3,65.0
45,43,50,12,47.0
65,74,79,7,82.0
57,60,69,17,76.0
58,64,68,26,72.0
76,77,82,1,84.0
41,38,49,5,56.0
66,67,76,16,77.0
59,67,73,15,76.0
52,47,49,2,47.0
45,42,52,9,55.0
43,43,45,7,43.0
39,37,45,4,47.0
36,37,44,20,46.0
74,82,83,18,84.0
66,63,73,21,72.0
58,53,59,4,60.0
32,35,37,28,36.0
44,53,64,13,71.0
65,65,64,1,62.0
76,78,85,28,84.0
75,72,77,24,68.0
48,50,54,3,56.0
42,38,43,16,33.0
71,77,86,22,84.0
50,48,48,4,41.0
66,63,64,25,61.0
56,60,62,23,60.0
58,53,56,25,46.0
49,58,56,16,58.0
54,61,62,26,64.0
35,42,50,19,55.0
65,66,75,1,79.0
31,36,43,5,49.0
51,55,65,19,71.0
61,57,59,22,52.0
45,43,47,24,43.0
47,50,60,11,64.0
34,34,36,13,30.0
65,67,77,20,82.0
59,55,65,5,73.0
74,75,73,21,66.0
48,48,56,4,62.0
52,59,63,4,65.0
63,71,76,4,82.0
42,45,55,4,65.0
72,73,77,20,74.0
58,53,61,21,58.0
65,73,84,18,84.0
51,53,63,18,63.0
76,81,82,16,76.0
65,69,74,9,78.0
38,47,49,18,53.0
68,65,72,22,69.0
48,56,62,2,69.0
67,63,72,21,69.0
35,41,50,4,59.0
76,73,80,12,80.0
44,49,51,7,47.0
49,49,47,15,46.0
38,45,54,7,59.0
61,69,75,29,72.0
33,30,39,22,36.0
79,83,85,26,77.0
47,46,49,21,42.0
34,34,35,17,33.0
49,51,54,16,54.0
52,53,62,28,62.0
40,48,53,19,56.0
66,71,71,9,70.0
51,53,55,14,54.0
33,30,29,17,22.0
58,56,67,5,66.0
73,73,72,2,69.0
63,68,78,20,84.0
42,43,47,16,51.0
71,74,81,14,85.0
38,45,55,14,65.0
71,66,73,27,69.0
60,67,78,1,92.0
36,45,53,3,67.0
33,35,42,26,36.0
48,50,53,7,55.0
71,71,72,26,68.0
59,57,59,15,55.0
60,57,55,19,50.0
64,69,73,20,74.0
50,47,52,2,50.0
60,60,66,19,65.0
48,55,60,9,68.0
60,62,64,19,63.0
61,62,62,27,59.0
31,36,43,5,47.0
39,34,42,18,41.0
31,36,42,16,41.0
31,31,34,4,33.0
53,54,56,12,55.0
46,52,62,29,60.0
61,62,62,7,59.0
45,48,51,14,52.0
45,50,50,23,48.0
75,80,87,12,93.0
68,72,81,3,85.0
60,59,62,5,62.0
72,67,68,17,61.0
53,49,48,26,42.0
30,39,44,10,53.0
40,38,39,10,38.0
50,49,55,11,58.0
33,36,40,17,40.0
36,41,50,5,58.0
55,64,63,13,65.0
76,71,72,10,65.0
79,76,78,9,76.0
41,40,40,17,33.0
60,57,63,1,71.0
46,44,54,4,56.0
62,71,73,4,80.0
40,48,47,18,47.0
57,54,62,9,59.0
61,59,59,25,47.0
30,38,49,29,55.0
76,85,91,29,97.0
57,64,68,18,68.0
71,78,77,14,72.0
36,45,51,25,53.0
31,40,51,15,55.0
71,66,67,6,62.0
53,59,69,24,74.0
33,35,41,10,43.0
73,71,81,29,77.0
48,49,48,15,47.0
55,51,60,29,59.0
40,36,43,4,43.0
69,69,78,18,79.0
79,87,88,18,90.0
72,68,70,25,65.0
40,49,48,17,49.0
74,83,90,12,100.0
32,32,30,7,29.0
41,46,50,16,50.0
32,41,48,11,52.0
71,67,65,14,58.0
56,54,62,3,66.0
78,79,87,19,86.0
31,33,38,18,37.0
78,87,87,10,93.0
45,42,53,6,56.0
31,39,46,13,54.0
59,68,71,10,77.0
49,56,60,18,58.0
67,70,77,26,76.0
57,53,51,20,47.0
54,56,67,26,65.0
61,63,66,16,67.0
39,46,50,25,50.0
71,79,82,25,77.0
69,67,68,6,67.0
62,57,55,13,46.0
42,49,57,4,60.0
70,65,71,23,67.0
71,67,68,14,58.0
76,84,88,1,92.0
66,75,79,28,88.0
45,51,50,20,50.0
74,82,80,5,79.0
51,54,59,8,66.0
49,56,61,12,62.0
79,75,79,2,77.0
72,68,79,12,77.0
56,56,61,5,63.0
70,71,71,22,71.0
45,52,60,5,64.0
63,64,63,13,54.0
61,70,74,9,82.0
55,62,67,10,76.0
54,57,55,1,49.0
31,31,40,3,45.0
41,49,56,18,61.0
69,71,77,12,76.0
38,43,53,29,51.0
41,41,49,3,55.0
55,51,52,26,46.0
38,33,44,25,43.0
39,38,47,29,43.0
61,69,80,9,85.0
63,66,67,26,56.0
77,79,79,2,79.0
49,57,60,3,69.0
68,75,73,14,70.0
31,29,32,4,27.0
30,29,28,25,23.0
65,72,78,19,83.0
53,52,51,13,46.0
56,56,60,7,60.0
31,28,37,12,38.0
60,59,57,3,54.0
43,39,48,23,49.0
31,35,39,23,46.0
58,53,55,9,47.0
44,49,54,2,62.0
41,36,37,29,30.0
66,70,79,22,85.0
57,58,65,9,69.0
49,45,49,12,47.0
68,66,69,12,69.0
53,52,54,15,50.0
50,51,52,2,50.0
39,35,39,18,38.0
75,83,92,13,95.0
43,43,45,14,45.0
66,61,63,5,61.0
47,48,46,26,33.0
53,56,55,10,52.0
43,42,44,12,43.0
63,62,72,10,73.0
41,39,39,24,26.0
51,48,59,11,65.0
35,38,48,25,50.0
65,64,63,2,63.0
74,76,87,5,91.0
65,68,79,7,86.0
51,50,51,6,55.0
43,47,48,22,44.0
45,48,49,23,51.0
65,61,62,3,61.0
54,57,57,13,53.0
61,66,76,3,90.0
62,60,69,26,68.0
74,74,78,25,77.0
65,65,71,24,68.0
49,49,58,21,56.0
47,43,45,6,43.0
67,68,69,11,73.0
32,39,47,28,48.0
52,52,51,26,45.0
61,66,65,17,68.0
74,82,84,10,86.0
45,40,44,12,43.0
34,30,37,17,38.0
33,34,41,4,44.0
50,45,51,2,52.0
69,78,88,11,97.0
43,38,42,7,39.0
68,63,65,2,66.0
60,62,69,26,67.0
43,41,48,18,45.0
35,33,40,21,34.0
41,48,51,4,54.0
45,41,49,8,47.0
46,51,60,20,62.0
74,79,79,14,81.0
52,57,59,12,55.0
43,38,43,22,33.0
36,42,40,21,36.0
75,79,88,27,90.0
61,64,62,18,60.0
44,45,49,11,47.0
73,71,82,29,84.0
46,52,54,28,50.0
70,70,81,8,86.0
76,84,86,2,90.0
73,69,67,25,56.0
63,64,70,15,69.0
34,30,28,9,25.0
74,78,80,19,80.0
56,58,65,20,68.0
52,54,60,8,63.0
69,64,75,25,68.0
43,50,51,19,58.0
44,46,56,5,62.0
72,68,73,11,73.0
62,62,65,15,62.0
60,67,75,8,84.0
64,59,59,19,49.0
46,45,46,23,43.0
57,62,61,27,51.0
48,49,47,8,47.0
75,82,92,26,92.0
52,56,67,27,70.0
61,56,61,19,61.0
69,78,76,18,78.0
42,38,49,10,54.0
49,50,60,29,63.0
64,64,72,7,73.0
34,31,29,28,23.0
38,46,47,9,45.0
58,62,69,1,72.0
35,31,40,19,43.0
54,58,65,5,68.0
60,58,61,19,52.0
51,48,54,1,61.0
31,32,30,15,28.0
74,76,80,16,82.0
34,30,37,23,31.0
56,60,68,7,73.0
54,55,57,26,54.0
37,39,48,12,49.0
30,30,35,8,35.0
49,49,60,5,60.0
73,77,81,10,82.0
52,47,48,28,43.0
61,59,60,21,53.0
40,48,51,5,61.0
68,63,66,17,57.0
76,74,80,26,76.0
53,49,58,5,58.0
40,45,47,22,46.0
58,65,70,15,77.0
55,54,56,13,51.0
45,49,48,28,43.0
64,72,75,1,82.0
49,52,58,11,61.0
75,80,90,23,93.0
32,41,41,1,42.0
30,36,34,11,34.0
76,80,78,18,79.0
30,27,37,18,32.0
46,48,48,21,43.0
31,28,35,26,26.0
58,58,60,16,59.0
49,47,47,13,47.0
35,37,43,7,45.0
37,42,47,1,49.0
58,58,58,26,50.0
77,79,85,16,85.0
62,57,67,1,68.0
32,32,35,17,36.0
64,59,69,6,68.0
34,29,33,2,33.0
56,58,59,17,56.0
73,82,83,6,85.0
41,42,51,14,52.0
49,46,56,18,57.0
74,74,73,6,74.0
49,58,60,10,63.0
38,41,46,24,42.0
68,69,73,18,75.0
33,39,43,27,40.0
48,45,48,9,47.0
67,75,75,8,77.0
56,64,66,28,65.0
74,81,91,10,96.0
72,72,70,17,67.0
42,47,51,23,40.0
42,40,46,29,46.0
51,59,57,26,52.0
57,64,74,6,83.0
76,73,72,14,68.0
74,77,77,22,78.0
51,55,55,22,53.0
72,68,73,6,70.0
48,43,47,26,36.0
37,46,49,7,53.0
37,45,52,12,51.0
71,67,74,3,73.0
55,56,64,14,65.0
77,81,82,22,78.0
55,50,56,19,53.0
52,52,50,23,44.0
72,80,88,16,92.0
42,43,42,7,33.0
57,60,71,8,73.0
38,47,48,18,51.0
49,57,57,25,58.0
48,50,48,13,40.0
77,77,79,21,73.0
68,65,69,9,71.0
41,43,42,10,38.0
44,45,47,21,44.0
60,57,60,23,60.0
43,46,54,27,53.0
40,46,50,9,52.0
55,51,49,15,43.0
71,68,72,20,74.0
56,52,53,2,52.0
40,47,52,25,53.0
67,62,72,13,70.0
63,61,62,2,63.0
72,71,74,19,73.0
48,55,61,26,59.0
35,35,37,2,40.0
75,74,85,3,89.0
67,62,71,6,72.0
78,75,76,3,72.0
71,66,71,10,68.0
57,62,72,24,72.0
30,29,35,27,29.0
64,63,64,6,64.0
69,75,75,23,72.0
37,42,47,16,45.0
76,83,94,17,100.0
36,36,38,19,32.0
40,42,41,3,44.0
68,72,79,18,76.0
33,39,45,7,51.0
54,49,49,9,44.0
41,39,48,20,46.0
55,59,58,12,58.0
67,72,70,5,71.0
75,70,81,3,81.0
41,44,49,11,48.0
72,77,85,25,82.0
66,67,67,4,68.0
75,76,80,5,78.0
53,59,57,1,59.0
45,44,42,27,37.0
42,43,52,28,52.0
54,60,66,29,64.0
33,42,51,18,59.0
40,36,41,12,38.0
61,69,78,13,80.0
78,85,95,9,100.0
36,34,34,2,34.0
75,83,86,5,88.0
40,48,56,13,64.0
57,58,58,16,53.0
70,67,77,16,75.0
52,48,57,24,52.0
74,78,79,3,83.0
52,48,46,22,38.0
79,86,88,4,89.0
57,52,50,11,43.0
72,71,81,23,72.0
76,82,80,26,79.0
55,55,62,14,62.0
54,54,62,29,53.0
58,61,69,3,70.0
48,46,57,16,57.0
62,57,61,22,52.0
65,65,74,15,78.0
43,52,55,28,57.0
43,42,41,10,39.0
64,68,79,9,77.0
59,59,67,11,67.0
57,54,63,16,61.0
46,42,41,10,34.0
32,32,40,17,39.0
45,52,56,19,54.0
75,70,68,2,65.0
59,60,70,24,73.0
58,59,58,23,55.0
74,78,87,2,93.0
44,51,56,6,67.0
75,76,79,19,81.0
54,63,74,8,82.0
67,73,72,26,68.0
71,76,80,29,83.0
76,80,81,3,86.0
67,62,61,26,49.0
52,61,70,14,79.0
54,52,55,25,50.0
71,78,86,16,88.0
36,37,43,1,40.0
51,56,64,21,65.0
46,49,55,3,59.0
47,46,57,22,62.0
78,85,90,26,94.0
70,66,66,18,59.0
39,40,40,9,40.0
39,43,42,6,45.0
36,31,33,23,27.0
77,78,89,21,89.0
79,79,88,25,86.0
67,68,79,1,86.0
56,64,65,21,67.0
62,69,73,27,72.0
30,34,35,10,28.0
73,70,76,27,68.0
63,72,81,6,91.0
33,30,39,23,31.0
46,47,46,12,47.0
33,40,48,4,58.0
72,68,79,28,77.0
55,50,53,13,51.0
33,36,40,17,42.0
30,33,34,27,30.0
36,37,47,8,47.0
59,60,63,26,63.0
79,76,80,20,81.0
38,42,43,3,41.0
64,73,78,12,78.0
37,33,39,7,38.0
53,58,56,12,53.0
48,49,53,2,56.0
65,68,74,24,77.0
79,74,83,14,75.0
72,79,86,22,93.0
56,64,66,23,65.0
61,59,68,5,72.0
43,43,42,9,42.0
47,48,55,21,57.0
57,61,64,11,65.0
58,59,68,5,73.0
45,49,58,3,65.0
64,60,64,27,57.0
76,84,83,17,78.0
60,58,57,2,51.0
33,32,39,24,37.0
66,74,85,1,92.0
46,52,61,7,65.0
68,63,70,14,74.0
77,72,70,5,68.0
75,79,80,19,78.0
55,52,56,28,53.0
77,86,97,28,100.0
68,77,83,11,89.0
70,74,74,23,73.0
33,30,39,25,36.0
59,65,73,2,78.0
59,61,65,8,70.0
51,54,58,9,62.0
40,49,53,27,47.0
31,39,38,3,39.0
73,78,81,2,82.0
41,47,46,7,45.0
59,54,57,5,58.0
65,73,83,21,88.0
47,52,59,26,56.0
55,51,51,5,47.0
36,40,51,20,56.0
30,26,25,13,19.0
55,64,73,21,76.0
52,50,61,29,61.0
55,51,54,20,54.0
74,75,74,29,70.0
35,42,44,6,51.0
35,44,43,20,41.0
73,76,76,18,74.0
37,38,38,25,33.0
53,59,62,2,66.0
51,51,54,25,52.0
48,57,64,26,64.0
66,70,70,6,73.0
47,42,42,9,33.0
60,65,75,25,73.0
66,70,79,3,91.0
59,62,72,1,77.0
71,70,68,1,68.0
62,67,71,19,77.0
39,38,48,5,45.0
66,66,71,13,74.0
41,44,43,19,42.0
59,66,67,12,74.0
56,58,65,16,63.0
68,70,74,25,76.0
38,46,51,25,50.0
50,52,50,19,49.0
41,36,37,3,34.0
58,53,56,12,55.0
62,64,64,5,64.0
72,71,73,2,68.0
44,47,54,22,45.0
31,27,33,7,33.0
68,71,79,13,81.0
73,79,89,25,93.0
47,55,55,15,55.0
32,34,36,22,40.0
36,39,44,3,48.0
72,70,73,28,67.0
47,42,43,21,38.0
73,68,73,20,68.0
67,66,74,5,77.0
66,62,62,24,52.0
62,70,70,8,72.0
73,75,76,22,72.0
60,64,70,1,71.0
40,45,47,8,55.0
33,32,37,24,31.0
47,46,49,18,46.0
33,29,29,20,21.0
78,79,84,28,82.0
63,70,79,16,80.0
58,60,66,18,69.0
53,57,62,20,69.0
51,58,68,12,72.0
31,26,27,13,26.0
73,69,80,13,80.0
35,39,50,10,60.0
71,69,79,7,88.0
54,53,61,25,59.0
50,57,60,14,58.0
45,41,39,24,34.0
60,55,56,16,51.0
43,46,51,15,54.0
68,76,74,12,74.0
57,52,52,9,45.0
61,68,66,8,70.0
57,66,72,18,77.0
78,76,75,23,65.0
38,34,40,18,39.0
74,79,89,13,95.0
51,49,50,28,43.0
61,63,62,27,62.0
34,36,37,18,33.0
52,61,70,15,75.0
34,39,47,4,55.0
71,77,85,17,89.0
61,64,71,5,71.0
39,46,49,22,50.0
68,77,85,16,89.0
44,49,53,9,58.0
36,45,45,10,48.0
58,64,64,24,62.0
76,75,84,18,81.0
32,33,40,17,40.0
48,45,54,18,56.0
39,43,48,7,49.0
57,55,57,4,56.0
58,62,63,26,57.0
44,47,51,5,50.0
64,68,72,28,70.0
35,39,49,23,52.0
41,49,55,16,65.0
76,82,88,3,92.0
67,62,64,26,57.0
42,38,48,18,44.0
58,57,66,29,66.0
48,45,55,23,55.0
32,28,33,21,34.0
37,32,39,14,41.0
37,41,39,15,38.0
49,46,52,17,49.0
76,71,76,1,76.0
33,39,42,25,41.0
50,45,55,21,56.0
32,38,38,17,40.0
74,69,69,23,61.0
37,39,44,25,38.0
52,61,63,11,70.0
45,42,49,17,49.0
42,47,55,26,55.0
32,27,38,14,40.0
77,78,82,29,79.0
38,42,44,20,47.0
43,40,45,19,36.0
42,44,51,21,50.0
36,34,41,7,47.0
44,42,43,24,39.0
36,35,34,13,36.0
67,67,67,18,60.0
63,64,69,23,71.0
70,78,86,14,94.0
51,59,69,1,73.0
53,51,55,7,54.0
78,80,90,8,94.0
66,73,72,18,67.0
73,73,76,9,75.0
30,38,44,1,53.0
39,34,35,29,26.0
72,67,73,22,70.0
45,48,47,17,45.0
75,79,78,19,76.0
37,37,43,27,38.0
78,82,91,6,98.0
54,56,60,3,58.0
79,86,90,24,91.0
41,42,40,5,43.0
54,60,70,2,76.0
46,46,54,20,52.0
55,53,56,25,54.0
75,76,86,4,91.0
77,80,84,10,88.0
43,51,59,10,65.0
70,75,86,24,82.0
65,69,72,21,75.0
52,56,59,11,67.0
72,80,79,27,81.0
35,36,39,16,27.0
76,71,72,26,66.0
34,38,44,29,42.0
72,75,84,29,81.0
54,61,59,17,58.0
47,45,55,16,55.0
42,51,56,7,63.0
72,69,71,16,67.0
43,41,39,3,33.0
57,55,56,26,49.0
47,54,52,16,49.0
57,61,64,8,61.0
56,61,60,12,55.0
61,57,59,3,57.0
76,84,88,17,95.0
38,44,43,21,40.0
69,77,80,18,80.0
61,56,59,11,52.0
49,55,57,4,60.0
57,61,63,16,66.0
62,68,79,17,90.0
33,28,28,9,25.0
75,82,89,6,95.0
63,71,78,24,79.0
77,79,87,27,85.0
32,40,49,20,55.0
55,51,50,25,42.0
37,43,47,2,51.0
35,39,37,9,36.0
45,44,47,28,41.0
53,59,62,21,62.0
77,75,75,29,62.0
68,70,69,6,70.0
59,55,64,3,73.0
74,78,77,20,73.0
42,45,56,6,63.0
34,35,45,7,52.0
54,63,69,1,80.0
49,56,64,23,66.0
47,48,50,1,46.0
76,71,75,5,74.0
47,55,64,6,72.0
31,37,39,13,39.0
39,35,39,2,38.0
74,72,82,15,83.0
79,77,78,15,76.0
76,81,86,13,89.0
41,49,59,26,62.0
76,73,81,25,80.0
42,43,54,14,56.0
79,85,92,26,95.0
76,78,88,22,88.0
40,36,44,7,45.0
48,46,53,14,48.0
64,72,76,26,76.0
68,65,72,24,71.0
55,51,53,27,43.0
75,81,89,29,89.0
43,50,53,10,49.0
74,82,84,17,81.0
73,73,77,14,73.0
53,60,69,8,76.0
70,68,67,4,66.0
30,30,32,26,28.0
72,68,75,16,72.0
51,57,57,24,54.0
52,50,56,13,58.0
48,53,63,22,67.0
47,47,50,27,45.0
41,49,59,25,67.0
57,56,63,27,66.0
57,54,54,20,45.0
62,64,68,18,69.0
48,49,50,14,57.0
57,54,65,18,66.0
78,78,78,5,77.0
66,64,69,26,65.0
55,60,70,9,77.0
64,63,64,28,61.0
63,68,76,3,78.0
64,63,61,8,58.0
69,70,73,20,64.0
45,50,57,22,58.0
67,66,74,10,73.0
42,47,55,22,58.0
52,61,59,19,54.0
51,48,50,21,44.0
45,49,53,28,54.0
57,56,59,3,57.0
77,78,89,11,87.0
64,63,62,11,60.0
74,73,81,17,79.0
75,78,79,16,77.0
37,46,54,7,59.0
73,70,69,4,72.0
51,58,66,23,64.0
50,50,48,19,52.0
55,50,50,12,44.0
69,73,73,15,73.0
50,49,58,11,58.0
54,56,60,5,60.0
70,69,67,5,62.0
30,33,39,15,42.0
35,40,48,29,44.0
52,52,55,18,54.0
52,54,55,11,48.0
72,76,76,26,74.0
72,74,74,12,75.0
52,59,58,2,57.0
61,58,57,20,53.0
59,60,71,15,74.0
42,50,59,20,68.0
72,73,83,4,85.0
47,55,62,22,74.0
52,56,58,18,50.0
44,50,56,6,60.0
62,62,61,23,51.0
50,56,55,27,58.0
68,69,78,26,77.0
52,60,63,19,64.0
56,52,62,11,64.0
74,77,84,28,83.0
73,77,76,24,71.0
47,51,60,2,62.0
53,48,49,27,42.0
76,71,74,8,73.0
69,66,68,29,64.0
71,79,77,11,84.0
36,45,48,5,46.0
79,76,74,18,68.0
77,72,72,23,68.0
49,55,62,18,65.0
56,57,59,14,51.0
35,33,44,22,40.0
56,60,67,10,71.0
38,45,55,3,64.0
74,70,72,9,71.0
60,64,74,3,78.0
50,49,56,11,58.0
55,55,58,12,54.0
69,72,81,12,85.0
77,75,82,3,84.0
74,70,75,21,69.0
42,41,43,7,47.0
78,75,86,14,82.0
52,48,56,24,53.0
49,55,53,28,47.0
66,61,63,11,65.0
57,61,61,7,63.0
46,42,43,25,35.0
57,57,67,21,67.0
70,72,77,10,84.0
31,38,42,11,42.0
54,51,59,15,53.0
79,84,86,19,87.0
70,79,78,16,80.0
35,38,41,22,42.0
40,49,57,21,63.0
67,73,76,28,80.0
35,38,45,20,41.0
74,70,77,12,72.0
40,42,53,18,58.0
43,47,55,23,53.0
31,36,39,13,36.0
69,75,86,5,99.0
32,31,37,4,34.0
64,62,70,28,66.0
62,66,71,14,73.0
53,52,57,8,61.0
48,46,44,9,35.0
47,49,51,25,49.0
78,76,80,19,75.0
53,60,63,3,69.0
74,78,80,5,79.0
64,70,75,21,81.0
30,37,37,26,33.0
65,73,76,18,71.0
54,54,56,1,54.0
74,70,75,8,73.0
78,77,78,19,77.0
72,72,77,17,72.0
63,62,69,17,65.0
54,60,71,11,80.0
45,41,40,2,33.0
63,71,77,6,82.0
